threshold,loss,sample_count,labels,class_names,class_coverage_complete,missing_classes,accuracy,balanced_accuracy,macro_precision,macro_recall,macro_f1,weighted_f1,confusion_matrix,class_metrics,roc_auc,pr_auc,sensitivity,specificity,positive_predictive_value,negative_predictive_value,brier_score,calibration_error
0.05,,1011,"[0, 1]","['benign', 'malignant']",True,[],0.7784371909000989,0.5769821711086771,0.8730281586318738,0.5769821711086771,0.5687188628365099,0.7123982280205007,"[[41, 223], [1, 746]]","[{'class': 0, 'class_name': 'benign', 'precision': 0.9761904761904762, 'recall': 0.1553030303030303, 'f1': 0.2679738562091503, 'support': 264}, {'class': 1, 'class_name': 'malignant', 'precision': 0.7698658410732714, 'recall': 0.998661311914324, 'f1': 0.8694638694638694, 'support': 747}]",0.9073972658310008,0.9552103790145295,0.998661311914324,0.1553030303030303,0.7698658410732714,0.9761904761904762,0.09200099398405014,0.027125194205287903
0.06,,1011,"[0, 1]","['benign', 'malignant']",True,[],0.7922848664688428,0.6034973226238286,0.881647344801795,0.6034973226238286,0.6101828730904818,0.7374697946559642,"[[55, 209], [1, 746]]","[{'class': 0, 'class_name': 'benign', 'precision': 0.9821428571428571, 'recall': 0.20833333333333334, 'f1': 0.34375, 'support': 264}, {'class': 1, 'class_name': 'malignant', 'precision': 0.7811518324607329, 'recall': 0.998661311914324, 'f1': 0.8766157461809636, 'support': 747}]",0.9073972658310008,0.9552103790145295,0.998661311914324,0.20833333333333334,0.7811518324607329,0.9821428571428571,0.09200099398405014,0.027125194205287903
0.07,,1011,"[0, 1]","['benign', 'malignant']",True,[],0.798219584569733,0.614860958987465,0.8849807947244978,0.614860958987465,0.6269750549832157,0.7477211977427599,"[[61, 203], [1, 746]]","[{'class': 0, 'class_name': 'benign', 'precision': 0.9838709677419355, 'recall': 0.23106060606060605, 'f1': 0.37423312883435583, 'support': 264}, {'class': 1, 'class_name': 'malignant', 'precision': 0.78609062170706, 'recall': 0.998661311914324, 'f1': 0.8797169811320755, 'support': 747}]",0.9073972658310008,0.9552103790145295,0.998661311914324,0.23106060606060605,0.78609062170706,0.9838709677419355,0.09200099398405014,0.027125194205287903
0.08,,1011,"[0, 1]","['benign', 'malignant']",True,[],0.8041543026706232,0.6262245953511014,0.8881931881978666,0.6262245953511014,0.6432273472588579,0.7577011609022786,"[[67, 197], [1, 746]]","[{'class': 0, 'class_name': 'benign', 'precision': 0.9852941176470589, 'recall': 0.2537878787878788, 'f1': 0.4036144578313253, 'support': 264}, {'class': 1, 'class_name': 'malignant', 'precision': 0.7910922587486744, 'recall': 0.998661311914324, 'f1': 0.8828402366863906, 'support': 747}]",0.9073972658310008,0.9552103790145295,0.998661311914324,0.2537878787878788,0.7910922587486744,0.9852941176470589,0.09200099398405014,0.027125194205287903
0.09,,1011,"[0, 1]","['benign', 'malignant']",True,[],0.8090999010880316,0.6369188876718996,0.8846367521367522,0.6369188876718996,0.6580011462884966,0.7666033763006626,"[[73, 191], [2, 745]]","[{'class': 0, 'class_name': 'benign', 'precision': 0.9733333333333334, 'recall': 0.2765151515151515, 'f1': 0.4306784660766962, 'support': 264}, {'class': 1, 'class_name': 'malignant', 'precision': 0.7959401709401709, 'recall': 0.9973226238286479, 'f1': 0.8853238265002971, 'support': 747}]",0.9073972658310008,0.9552103790145295,0.9973226238286479,0.2765151515151515,0.7959401709401709,0.9733333333333334,0.09200099398405014,0.027125194205287903
0.1,,1011,"[0, 1]","['benign', 'malignant']",True,[],0.8130563798219584,0.6457192405987586,0.8814814814814815,0.6457192405987586,0.6697363304036712,0.773675645522339,"[[78, 186], [3, 744]]","[{'class': 0, 'class_name': 'benign', 'precision': 0.9629629629629629, 'recall': 0.29545454545454547, 'f1': 0.45217391304347826, 'support': 264}, {'class': 1, 'class_name': 'malignant', 'precision': 0.8, 'recall': 0.9959839357429718, 'f1': 0.8872987477638641, 'support': 747}]",0.9073972658310008,0.9552103790145295,0.9959839357429718,0.29545454545454547,0.8,0.9629629629629629,0.09200099398405014,0.027125194205287903
0.11,,1011,"[0, 1]","['benign', 'malignant']",True,[],0.8219584569732937,0.6639892904953146,0.8825046127643469,0.6639892904953146,0.6931694025924977,0.7881390411664282,"[[88, 176], [4, 743]]","[{'class': 0, 'class_name': 'benign', 'precision': 0.9565217391304348, 'recall': 0.3333333333333333, 'f1': 0.4943820224719101, 'support': 264}, {'class': 1, 'class_name': 'malignant', 'precision': 0.808487486398259, 'recall': 0.9946452476572959, 'f1': 0.8919567827130852, 'support': 747}]",0.9073972658310008,0.9552103790145295,0.9946452476572959,0.3333333333333333,0.808487486398259,0.9565217391304348,0.09200099398405014,0.027125194205287903
0.12,,1011,"[0, 1]","['benign', 'malignant']",True,[],0.8269040553907022,0.674683582816113,0.8815457203615098,0.674683582816113,0.7062105520103219,0.7961719133262536,"[[94, 170], [5, 742]]","[{'class': 0, 'class_name': 'benign', 'precision': 0.9494949494949495, 'recall': 0.3560606060606061, 'f1': 0.5179063360881543, 'support': 264}, {'class': 1, 'class_name': 'malignant', 'precision': 0.8135964912280702, 'recall': 0.9933065595716198, 'f1': 0.8945147679324894, 'support': 747}]",0.9073972658310008,0.9552103790145295,0.9933065595716198,0.3560606060606061,0.8135964912280702,0.9494949494949495,0.09200099398405014,0.027125194205287903
0.13,,1011,"[0, 1]","['benign', 'malignant']",True,[],0.8298714144411474,0.6803654009979312,0.8836310101598395,0.6803654009979312,0.7130949552546131,0.8005415130640643,"[[97, 167], [5, 742]]","[{'class': 0, 'class_name': 'benign', 'precision': 0.9509803921568627, 'recall': 0.36742424242424243, 'f1': 0.5300546448087432, 'support': 264}, {'class': 1, 'class_name': 'malignant', 'precision': 0.8162816281628162, 'recall': 0.9933065595716198, 'f1': 0.8961352657004831, 'support': 747}]",0.9073972658310008,0.9552103790145295,0.9933065595716198,0.36742424242424243,0.8162816281628162,0.9509803921568627,0.09200099398405014,0.027125194205287903
0.14,,1011,"[0, 1]","['benign', 'malignant']",True,[],0.8298714144411474,0.6828145917001338,0.8758209110809966,0.6828145917001338,0.7155094561874222,0.8016823514082478,"[[99, 165], [7, 740]]","[{'class': 0, 'class_name': 'benign', 'precision': 0.9339622641509434, 'recall': 0.375, 'f1': 0.5351351351351351, 'support': 264}, {'class': 1, 'class_name': 'malignant', 'precision': 0.8176795580110497, 'recall': 0.9906291834002677, 'f1': 0.8958837772397095, 'support': 747}]",0.9073972658310008,0.9552103790145295,0.9906291834002677,0.375,0.8176795580110497,0.9339622641509434,0.09200099398405014,0.027125194205287903
0.15,,1011,"[0, 1]","['benign', 'malignant']",True,[],0.8358061325420376,0.6941782280637703,0.8803184093437153,0.6941782280637703,0.7288300457588996,0.810199258225444,"[[105, 159], [7, 740]]","[{'class': 0, 'class_name': 'benign', 'precision': 0.9375, 'recall': 0.3977272727272727, 'f1': 0.5585106382978723, 'support': 264}, {'class': 1, 'class_name': 'malignant', 'precision': 0.8231368186874305, 'recall': 0.9906291834002677, 'f1': 0.8991494532199271, 'support': 747}]",0.9073972658310008,0.9552103790145295,0.9906291834002677,0.3977272727272727,0.8231368186874305,0.9375,0.09200099398405014,0.027125194205287903
0.16,,1011,"[0, 1]","['benign', 'malignant']",True,[],0.8397626112759644,0.7029785809906292,0.8798754911078634,0.7029785809906292,0.738567871280807,0.8162738480974383,"[[110, 154], [8, 739]]","[{'class': 0, 'class_name': 'benign', 'precision': 0.9322033898305084, 'recall': 0.4166666666666667, 'f1': 0.5759162303664922, 'support': 264}, {'class': 1, 'class_name': 'malignant', 'precision': 0.8275475923852184, 'recall': 0.9892904953145917, 'f1': 0.901219512195122, 'support': 747}]",0.9073972658310008,0.9552103790145295,0.9892904953145917,0.4166666666666667,0.8275475923852184,0.9322033898305084,0.09200099398405014,0.027125194205287903
0.17,,1011,"[0, 1]","['benign', 'malignant']",True,[],0.8427299703264095,0.7098849945235487,0.878955174686882,0.7098849945235487,0.7459497901998435,0.8208613719324259,"[[114, 150], [9, 738]]","[{'class': 0, 'class_name': 'benign', 'precision': 0.926829268292683, 'recall': 0.4318181818181818, 'f1': 0.5891472868217055, 'support': 264}, {'class': 1, 'class_name': 'malignant', 'precision': 0.831081081081081, 'recall': 0.9879518072289156, 'f1': 0.9027522935779817, 'support': 747}]",0.9073972658310008,0.9552103790145295,0.9879518072289156,0.4318181818181818,0.831081081081081,0.926829268292683,0.09200099398405014,0.027125194205287903
0.18,,1011,"[0, 1]","['benign', 'malignant']",True,[],0.8447082096933729,0.7148974686625289,0.877485124879752,0.7148974686625289,0.7511027549665136,0.8240244237295345,"[[117, 147], [10, 737]]","[{'class': 0, 'class_name': 'benign', 'precision': 0.9212598425196851, 'recall': 0.4431818181818182, 'f1': 0.59846547314578, 'support': 264}, {'class': 1, 'class_name': 'malignant', 'precision': 0.833710407239819, 'recall': 0.9866131191432396, 'f1': 0.9037400367872471, 'support': 747}]",0.9073972658310008,0.9552103790145295,0.9866131191432396,0.4431818181818182,0.833710407239819,0.9212598425196851,0.09200099398405014,0.027125194205287903
0.19,,1011,"[0, 1]","['benign', 'malignant']",True,[],0.8447082096933729,0.718571254715833,0.8691232637402162,0.718571254715833,0.7539593102111994,0.8253464738103685,"[[120, 144], [13, 734]]","[{'class': 0, 'class_name': 'benign', 'precision': 0.9022556390977443, 'recall': 0.45454545454545453, 'f1': 0.6045340050377834, 'support': 264}, {'class': 1, 'class_name': 'malignant', 'precision': 0.835990888382688, 'recall': 0.9825970548862115, 'f1': 0.9033846153846153, 'support': 747}]",0.9073972658310008,0.9552103790145295,0.9825970548862115,0.45454545454545453,0.835990888382688,0.9022556390977443,0.09200099398405014,0.027125194205287903
0.2,,1011,"[0, 1]","['benign', 'malignant']",True,[],0.847675568743818,0.7254776682487526,0.8690920862592759,0.7254776682487526,0.7609268472452552,0.8297275573992877,"[[124, 140], [14, 733]]","[{'class': 0, 'class_name': 'benign', 'precision': 0.8985507246376812, 'recall': 0.4696969696969697, 'f1': 0.6169154228855721, 'support': 264}, {'class': 1, 'class_name': 'malignant', 'precision': 0.8396334478808706, 'recall': 0.9812583668005355, 'f1': 0.9049382716049382, 'support': 747}]",0.9073972658310008,0.9552103790145295,0.9812583668005355,0.4696969696969697,0.8396334478808706,0.8985507246376812,0.09200099398405014,0.027125194205287903
0.21,,1011,"[0, 1]","['benign', 'malignant']",True,[],0.8496538081107814,0.7317147377388341,0.8660130718954249,0.7317147377388341,0.7666375100225964,0.8331331517748242,"[[128, 136], [16, 731]]","[{'class': 0, 'class_name': 'benign', 'precision': 0.8888888888888888, 'recall': 0.48484848484848486, 'f1': 0.6274509803921569, 'support': 264}, {'class': 1, 'class_name': 'malignant', 'precision': 0.8431372549019608, 'recall': 0.9785809906291834, 'f1': 0.9058240396530359, 'support': 747}]",0.9073972658310008,0.9552103790145295,0.9785809906291834,0.48484848484848486,0.8431372549019608,0.8888888888888888,0.09200099398405014,0.027125194205287903
0.22,,1011,"[0, 1]","['benign', 'malignant']",True,[],0.8496538081107814,0.7341639284410368,0.8615530362343804,0.7341639284410368,0.7683290116384249,0.8339047657221448,"[[130, 134], [18, 729]]","[{'class': 0, 'class_name': 'benign', 'precision': 0.8783783783783784, 'recall': 0.49242424242424243, 'f1': 0.6310679611650486, 'support': 264}, {'class': 1, 'class_name': 'malignant', 'precision': 0.8447276940903824, 'recall': 0.9759036144578314, 'f1': 0.9055900621118013, 'support': 747}]",0.9073972658310008,0.9552103790145295,0.9759036144578314,0.49242424242424243,0.8447276940903824,0.8783783783783784,0.09200099398405014,0.027125194205287903
0.23,,1011,"[0, 1]","['benign', 'malignant']",True,[],0.8536102868447082,0.7417396860167944,0.8651200906807182,0.7417396860167944,0.7760381741546125,0.8390084773971608,"[[134, 130], [18, 729]]","[{'class': 0, 'class_name': 'benign', 'precision': 0.881578947368421, 'recall': 0.5075757575757576, 'f1': 0.6442307692307693, 'support': 264}, {'class': 1, 'class_name': 'malignant', 'precision': 0.8486612339930152, 'recall': 0.9759036144578314, 'f1': 0.9078455790784558, 'support': 747}]",0.9073972658310008,0.9552103790145295,0.9759036144578314,0.5075757575757576,0.8486612339930152,0.881578947368421,0.09200099398405014,0.027125194205287903
0.24,,1011,"[0, 1]","['benign', 'malignant']",True,[],0.8585558852621167,0.7512093829864914,0.8694901475260669,0.7512093829864914,0.7855066830261965,0.8453079790939075,"[[139, 125], [18, 729]]","[{'class': 0, 'class_name': 'benign', 'precision': 0.8853503184713376, 'recall': 0.5265151515151515, 'f1': 0.6603325415676959, 'support': 264}, {'class': 1, 'class_name': 'malignant', 'precision': 0.8536299765807962, 'recall': 0.9759036144578314, 'f1': 0.9106808244846971, 'support': 747}]",0.9073972658310008,0.9552103790145295,0.9759036144578314,0.5265151515151515,0.8536299765807962,0.8853503184713376,0.09200099398405014,0.027125194205287903
0.25,,1011,"[0, 1]","['benign', 'malignant']",True,[],0.8615232443125618,0.7568912011683095,0.8720696239717979,0.7568912011683095,0.7911009044324273,0.8490463731924017,"[[142, 122], [18, 729]]","[{'class': 0, 'class_name': 'benign', 'precision': 0.8875, 'recall': 0.5378787878787878, 'f1': 0.6698113207547169, 'support': 264}, {'class': 1, 'class_name': 'malignant', 'precision': 0.8566392479435958, 'recall': 0.9759036144578314, 'f1': 0.9123904881101377, 'support': 747}]",0.9073972658310008,0.9552103790145295,0.9759036144578314,0.5378787878787878,0.8566392479435958,0.8875,0.09200099398405014,0.027125194205287903
0.26,,1011,"[0, 1]","['benign', 'malignant']",True,[],0.8625123639960435,0.7600097359133504,0.8709630744299108,0.7600097359133504,0.7936628662462466,0.8506051734605479,"[[144, 120], [19, 728]]","[{'class': 0, 'class_name': 'benign', 'precision': 0.8834355828220859, 'recall': 0.5454545454545454, 'f1': 0.6744730679156908, 'support': 264}, {'class': 1, 'class_name': 'malignant', 'precision': 0.8584905660377359, 'recall': 0.9745649263721553, 'f1': 0.9128526645768025, 'support': 747}]",0.9073972658310008,0.9552103790145295,0.9745649263721553,0.5454545454545454,0.8584905660377359,0.8834355828220859,0.09200099398405014,0.027125194205287903
0.27,,1011,"[0, 1]","['benign', 'malignant']",True,[],0.8644906033630069,0.7662468054034319,0.8689862120339007,0.7662468054034319,0.7986925121759441,0.8536760382025036,"[[148, 116], [21, 726]]","[{'class': 0, 'class_name': 'benign', 'precision': 0.8757396449704142, 'recall': 0.5606060606060606, 'f1': 0.6836027713625866, 'support': 264}, {'class': 1, 'class_name': 'malignant', 'precision': 0.8622327790973872, 'recall': 0.9718875502008032, 'f1': 0.9137822529893015, 'support': 747}]",0.9073972658310008,0.9552103790145295,0.9718875502008032,0.5606060606060606,0.8622327790973872,0.8757396449704142,0.09200099398405014,0.027125194205287903
0.28,,1011,"[0, 1]","['benign', 'malignant']",True,[],0.8654797230464887,0.770589935499574,0.8664050591191859,0.770589935499574,0.8018195655181957,0.8554807454242436,"[[151, 113], [23, 724]]","[{'class': 0, 'class_name': 'benign', 'precision': 0.867816091954023, 'recall': 0.571969696969697, 'f1': 0.6894977168949772, 'support': 264}, {'class': 1, 'class_name': 'malignant', 'precision': 0.8649940262843488, 'recall': 0.9692101740294511, 'f1': 0.9141414141414141, 'support': 747}]",0.9073972658310008,0.9552103790145295,0.9692101740294511,0.571969696969697,0.8649940262843488,0.867816091954023,0.09200099398405014,0.027125194205287903
0.29,,1011,"[0, 1]","['benign', 'malignant']",True,[],0.8654797230464887,0.7718145308506754,0.8647523135547088,0.7718145308506754,0.8024709803470865,0.8557690936987699,"[[152, 112], [24, 723]]","[{'class': 0, 'class_name': 'benign', 'precision': 0.8636363636363636, 'recall': 0.5757575757575758, 'f1': 0.6909090909090909, 'support': 264}, {'class': 1, 'class_name': 'malignant', 'precision': 0.8658682634730539, 'recall': 0.9678714859437751, 'f1': 0.9140328697850821, 'support': 747}]",0.9073972658310008,0.9552103790145295,0.9678714859437751,0.5757575757575758,0.8658682634730539,0.8636363636363636,0.09200099398405014,0.027125194205287903
0.3,,1011,"[0, 1]","['benign', 'malignant']",True,[],0.8684470820969338,0.778720944383595,0.8658789855554816,0.778720944383595,0.8083931230540138,0.8596405828026539,"[[156, 108], [25, 722]]","[{'class': 0, 'class_name': 'benign', 'precision': 0.861878453038674, 'recall': 0.5909090909090909, 'f1': 0.701123595505618, 'support': 264}, {'class': 1, 'class_name': 'malignant', 'precision': 0.8698795180722891, 'recall': 0.9665327978580991, 'f1': 0.9156626506024096, 'support': 747}]",0.9073972658310008,0.9552103790145295,0.9665327978580991,0.5909090909090909,0.8698795180722891,0.861878453038674,0.09200099398405014,0.027125194205287903
0.31,,1011,"[0, 1]","['benign', 'malignant']",True,[],0.8714144411473789,0.7844027625654132,0.868582750644025,0.7844027625654132,0.8136146532946089,0.8632013274205198,"[[159, 105], [25, 722]]","[{'class': 0, 'class_name': 'benign', 'precision': 0.8641304347826086, 'recall': 0.6022727272727273, 'f1': 0.7098214285714286, 'support': 264}, {'class': 1, 'class_name': 'malignant', 'precision': 0.8730350665054414, 'recall': 0.9665327978580991, 'f1': 0.9174078780177891, 'support': 747}]",0.9073972658310008,0.9552103790145295,0.9665327978580991,0.6022727272727273,0.8730350665054414,0.8641304347826086,0.09200099398405014,0.027125194205287903
0.32,,1011,"[0, 1]","['benign', 'malignant']",True,[],0.8733926805143423,0.7906398320554947,0.8674370151932816,0.7906398320554947,0.818214510473793,0.8660620080134434,"[[163, 101], [27, 720]]","[{'class': 0, 'class_name': 'benign', 'precision': 0.8578947368421053, 'recall': 0.6174242424242424, 'f1': 0.7180616740088106, 'support': 264}, {'class': 1, 'class_name': 'malignant', 'precision': 0.876979293544458, 'recall': 0.963855421686747, 'f1': 0.9183673469387755, 'support': 747}]",0.9073972658310008,0.9552103790145295,0.963855421686747,0.6174242424242424,0.876979293544458,0.8578947368421053,0.09200099398405014,0.027125194205287903
0.33,,1011,"[0, 1]","['benign', 'malignant']",True,[],0.8714144411473789,0.7893011439698187,0.8628186050061051,0.7893011439698187,0.8159491160852322,0.8642189395176949,"[[163, 101], [29, 718]]","[{'class': 0, 'class_name': 'benign', 'precision': 0.8489583333333334, 'recall': 0.6174242424242424, 'f1': 0.7149122807017544, 'support': 264}, {'class': 1, 'class_name': 'malignant', 'precision': 0.8766788766788767, 'recall': 0.9611780455153949, 'f1': 0.9169859514687101, 'support': 747}]",0.9073972658310008,0.9552103790145295,0.9611780455153949,0.6174242424242424,0.8766788766788767,0.8489583333333334,0.09200099398405014,0.027125194205287903
0.34,,1011,"[0, 1]","['benign', 'malignant']",True,[],0.8704253214638972,0.7886317999269806,0.8605438514258206,0.7886317999269806,0.8148209254689215,0.8632991263093064,"[[163, 101], [30, 717]]","[{'class': 0, 'class_name': 'benign', 'precision': 0.844559585492228, 'recall': 0.6174242424242424, 'f1': 0.7133479212253829, 'support': 264}, {'class': 1, 'class_name': 'malignant', 'precision': 0.8765281173594132, 'recall': 0.9598393574297188, 'f1': 0.91629392971246, 'support': 747}]",0.9073972658310008,0.9552103790145295,0.9598393574297188,0.6174242424242424,0.8765281173594132,0.844559585492228,0.09200099398405014,0.027125194205287903
0.35,,1011,"[0, 1]","['benign', 'malignant']",True,[],0.8753709198813057,0.7981014968966775,0.8652018338365202,0.7981014968966775,0.8232517482517483,0.8691052271170965,"[[168, 96], [30, 717]]","[{'class': 0, 'class_name': 'benign', 'precision': 0.8484848484848485, 'recall': 0.6363636363636364, 'f1': 0.7272727272727273, 'support': 264}, {'class': 1, 'class_name': 'malignant', 'precision': 0.8819188191881919, 'recall': 0.9598393574297188, 'f1': 0.9192307692307692, 'support': 747}]",0.9073972658310008,0.9552103790145295,0.9598393574297188,0.6363636363636364,0.8819188191881919,0.8484848484848485,0.09200099398405014,0.027125194205287903
0.36,,1011,"[0, 1]","['benign', 'malignant']",True,[],0.8763600395647874,0.799995436290617,0.8661255786320766,0.799995436290617,0.8249209979814829,0.8702586933915851,"[[169, 95], [30, 717]]","[{'class': 0, 'class_name': 'benign', 'precision': 0.8492462311557789, 'recall': 0.6401515151515151, 'f1': 0.7300215982721382, 'support': 264}, {'class': 1, 'class_name': 'malignant', 'precision': 0.8830049261083743, 'recall': 0.9598393574297188, 'f1': 0.9198203976908275, 'support': 747}]",0.9073972658310008,0.9552103790145295,0.9598393574297188,0.6401515151515151,0.8830049261083743,0.8492462311557789,0.09200099398405014,0.027125194205287903
0.37,,1011,"[0, 1]","['benign', 'malignant']",True,[],0.8753709198813057,0.799326092247779,0.8639303329223181,0.799326092247779,0.8237876809348856,0.8693355866224923,"[[169, 95], [31, 716]]","[{'class': 0, 'class_name': 'benign', 'precision': 0.845, 'recall': 0.6401515151515151, 'f1': 0.728448275862069, 'support': 264}, {'class': 1, 'class_name': 'malignant', 'precision': 0.8828606658446363, 'recall': 0.9585006693440429, 'f1': 0.9191270860077022, 'support': 747}]",0.9073972658310008,0.9552103790145295,0.9585006693440429,0.6401515151515151,0.8828606658446363,0.845,0.09200099398405014,0.027125194205287903
0.38,,1011,"[0, 1]","['benign', 'malignant']",True,[],0.8753709198813057,0.8005506875988804,0.8626956638803559,0.8005506875988804,0.824318435076183,0.8695631142704477,"[[170, 94], [32, 715]]","[{'class': 0, 'class_name': 'benign', 'precision': 0.8415841584158416, 'recall': 0.6439393939393939, 'f1': 0.7296137339055794, 'support': 264}, {'class': 1, 'class_name': 'malignant', 'precision': 0.8838071693448702, 'recall': 0.9571619812583668, 'f1': 0.9190231362467867, 'support': 747}]",0.9073972658310008,0.9552103790145295,0.9571619812583668,0.6439393939393939,0.8838071693448702,0.8415841584158416,0.09200099398405014,0.027125194205287903
0.39,,1011,"[0, 1]","['benign', 'malignant']",True,[],0.8763600395647874,0.8036692223439211,0.8624402348241844,0.8036692223439211,0.8264930521708449,0.8709317143687678,"[[172, 92], [33, 714]]","[{'class': 0, 'class_name': 'benign', 'precision': 0.8390243902439024, 'recall': 0.6515151515151515, 'f1': 0.7334754797441365, 'support': 264}, {'class': 1, 'class_name': 'malignant', 'precision': 0.8858560794044665, 'recall': 0.9558232931726908, 'f1': 0.9195106245975532, 'support': 747}]",0.9073972658310008,0.9552103790145295,0.9558232931726908,0.6515151515151515,0.8858560794044665,0.8390243902439024,0.09200099398405014,0.027125194205287903
0.4,,1011,"[0, 1]","['benign', 'malignant']",True,[],0.8773491592482691,0.8080123524400633,0.8611111111111112,0.8080123524400633,0.8291466326497237,0.8725019778026052,"[[175, 89], [35, 712]]","[{'class': 0, 'class_name': 'benign', 'precision': 0.8333333333333334, 'recall': 0.6628787878787878, 'f1': 0.7383966244725738, 'support': 264}, {'class': 1, 'class_name': 'malignant', 'precision': 0.8888888888888888, 'recall': 0.9531459170013387, 'f1': 0.9198966408268734, 'support': 747}]",0.9073972658310008,0.9552103790145295,0.9531459170013387,0.6628787878787878,0.8888888888888888,0.8333333333333334,0.09200099398405014,0.027125194205287903
0.41,,1011,"[0, 1]","['benign', 'malignant']",True,[],0.8783382789317508,0.8099062918340026,0.8620616113744075,0.8099062918340026,0.8307719525056987,0.8736348921769359,"[[176, 88], [35, 712]]","[{'class': 0, 'class_name': 'benign', 'precision': 0.8341232227488151, 'recall': 0.6666666666666666, 'f1': 0.7410526315789474, 'support': 264}, {'class': 1, 'class_name': 'malignant', 'precision': 0.89, 'recall': 0.9531459170013387, 'f1': 0.9204912734324499, 'support': 747}]",0.9073972658310008,0.9552103790145295,0.9531459170013387,0.6666666666666666,0.89,0.8341232227488151,0.09200099398405014,0.027125194205287903
0.42,,1011,"[0, 1]","['benign', 'malignant']",True,[],0.8773491592482691,0.810461543142266,0.8589717280924964,0.810461543142266,0.830137446614781,0.8729202931475666,"[[177, 87], [37, 710]]","[{'class': 0, 'class_name': 'benign', 'precision': 0.8271028037383178, 'recall': 0.6704545454545454, 'f1': 0.7405857740585774, 'support': 264}, {'class': 1, 'class_name': 'malignant', 'precision': 0.890840652446675, 'recall': 0.9504685408299867, 'f1': 0.9196891191709845, 'support': 747}]",0.9073972658310008,0.9552103790145295,0.9504685408299867,0.6704545454545454,0.890840652446675,0.8271028037383178,0.09200099398405014,0.027125194205287903
0.43,,1011,"[0, 1]","['benign', 'malignant']",True,[],0.8793273986152325,0.8142494219301448,0.8608927323549965,0.8142494219301448,0.8333576523994812,0.8751719413301927,"[[179, 85], [37, 710]]","[{'class': 0, 'class_name': 'benign', 'precision': 0.8287037037037037, 'recall': 0.678030303030303, 'f1': 0.7458333333333333, 'support': 264}, {'class': 1, 'class_name': 'malignant', 'precision': 0.8930817610062893, 'recall': 0.9504685408299867, 'f1': 0.920881971465629, 'support': 747}]",0.9073972658310008,0.9552103790145295,0.9504685408299867,0.678030303030303,0.8930817610062893,0.8287037037037037,0.09200099398405014,0.027125194205287903
0.44,,1011,"[0, 1]","['benign', 'malignant']",True,[],0.8793273986152325,0.8142494219301448,0.8608927323549965,0.8142494219301448,0.8333576523994812,0.8751719413301927,"[[179, 85], [37, 710]]","[{'class': 0, 'class_name': 'benign', 'precision': 0.8287037037037037, 'recall': 0.678030303030303, 'f1': 0.7458333333333333, 'support': 264}, {'class': 1, 'class_name': 'malignant', 'precision': 0.8930817610062893, 'recall': 0.9504685408299867, 'f1': 0.920881971465629, 'support': 747}]",0.9073972658310008,0.9552103790145295,0.9504685408299867,0.678030303030303,0.8930817610062893,0.8287037037037037,0.09200099398405014,0.027125194205287903
0.45,,1011,"[0, 1]","['benign', 'malignant']",True,[],0.8793273986152325,0.8154740172812462,0.8598806066846374,0.8154740172812462,0.8338335937921,0.8753714155871339,"[[180, 84], [38, 709]]","[{'class': 0, 'class_name': 'benign', 'precision': 0.8256880733944955, 'recall': 0.6818181818181818, 'f1': 0.7468879668049793, 'support': 264}, {'class': 1, 'class_name': 'malignant', 'precision': 0.8940731399747793, 'recall': 0.9491298527443106, 'f1': 0.9207792207792208, 'support': 747}]",0.9073972658310008,0.9552103790145295,0.9491298527443106,0.6818181818181818,0.8940731399747793,0.8256880733944955,0.09200099398405014,0.027125194205287903
0.46,,1011,"[0, 1]","['benign', 'malignant']",True,[],0.8793273986152325,0.8166986126323476,0.8588984024824733,0.8166986126323476,0.8343050435791894,0.8755684164110846,"[[181, 83], [39, 708]]","[{'class': 0, 'class_name': 'benign', 'precision': 0.8227272727272728, 'recall': 0.6856060606060606, 'f1': 0.7479338842975206, 'support': 264}, {'class': 1, 'class_name': 'malignant', 'precision': 0.8950695322376738, 'recall': 0.9477911646586346, 'f1': 0.9206762028608583, 'support': 747}]",0.9073972658310008,0.9552103790145295,0.9477911646586346,0.6856060606060606,0.8950695322376738,0.8227272727272728,0.09200099398405014,0.027125194205287903
0.47,,1011,"[0, 1]","['benign', 'malignant']",True,[],0.8822947576656776,0.8223804308141658,0.8617946324918623,0.8223804308141658,0.8390611936405166,0.8789119788011134,"[[184, 80], [39, 708]]","[{'class': 0, 'class_name': 'benign', 'precision': 0.8251121076233184, 'recall': 0.696969696969697, 'f1': 0.75564681724846, 'support': 264}, {'class': 1, 'class_name': 'malignant', 'precision': 0.8984771573604061, 'recall': 0.9477911646586346, 'f1': 0.9224755700325733, 'support': 747}]",0.9073972658310008,0.9552103790145295,0.9477911646586346,0.696969696969697,0.8984771573604061,0.8251121076233184,0.09200099398405014,0.027125194205287903
0.48,,1011,"[0, 1]","['benign', 'malignant']",True,[],0.8832838773491593,0.8267235609103079,0.8609178597835585,0.8267235609103079,0.8415192093097401,0.8803869061556735,"[[187, 77], [41, 706]]","[{'class': 0, 'class_name': 'benign', 'precision': 0.8201754385964912, 'recall': 0.7083333333333334, 'f1': 0.7601626016260162, 'support': 264}, {'class': 1, 'class_name': 'malignant', 'precision': 0.9016602809706258, 'recall': 0.9451137884872824, 'f1': 0.9228758169934641, 'support': 747}]",0.9073972658310008,0.9552103790145295,0.9451137884872824,0.7083333333333334,0.9016602809706258,0.8201754385964912,0.09200099398405014,0.027125194205287903
0.49,,1011,"[0, 1]","['benign', 'malignant']",True,[],0.8852621167161226,0.8354098211025922,0.859537217215476,0.8354098211025922,0.8463042566575802,0.8832721277936824,"[[193, 71], [45, 702]]","[{'class': 0, 'class_name': 'benign', 'precision': 0.8109243697478992, 'recall': 0.7310606060606061, 'f1': 0.7689243027888446, 'support': 264}, {'class': 1, 'class_name': 'malignant', 'precision': 0.908150064683053, 'recall': 0.9397590361445783, 'f1': 0.9236842105263158, 'support': 747}]",0.9073972658310008,0.9552103790145295,0.9397590361445783,0.7310606060606061,0.908150064683053,0.8109243697478992,0.09200099398405014,0.027125194205287903
0.5,,1011,"[0, 1]","['benign', 'malignant']",True,[],0.8892185954500494,0.8442101740294512,0.8627129330797016,0.8442101740294512,0.8527756685632262,0.8877695725122036,"[[198, 66], [46, 701]]","[{'class': 0, 'class_name': 'benign', 'precision': 0.8114754098360656, 'recall': 0.75, 'f1': 0.7795275590551181, 'support': 264}, {'class': 1, 'class_name': 'malignant', 'precision': 0.9139504563233377, 'recall': 0.9384203480589023, 'f1': 0.9260237780713342, 'support': 747}]",0.9073972658310008,0.9552103790145295,0.9384203480589023,0.75,0.9139504563233377,0.8114754098360656,0.09200099398405014,0.027125194205287903
0.51,,1011,"[0, 1]","['benign', 'malignant']",True,[],0.8911968348170128,0.8479980528173299,0.8646739996811732,0.8479980528173299,0.8557812013694366,0.8899244168488364,"[[200, 64], [46, 701]]","[{'class': 0, 'class_name': 'benign', 'precision': 0.8130081300813008, 'recall': 0.7575757575757576, 'f1': 0.7843137254901961, 'support': 264}, {'class': 1, 'class_name': 'malignant', 'precision': 0.9163398692810457, 'recall': 0.9384203480589023, 'f1': 0.9272486772486772, 'support': 747}]",0.9073972658310008,0.9552103790145295,0.9384203480589023,0.7575757575757576,0.9163398692810457,0.8130081300813008,0.09200099398405014,0.027125194205287903
0.52,,1011,"[0, 1]","['benign', 'malignant']",True,[],0.8882294757665677,0.8472146160399172,0.8589510379534493,0.8472146160399172,0.8527995567610054,0.8873008690184381,"[[201, 63], [50, 697]]","[{'class': 0, 'class_name': 'benign', 'precision': 0.8007968127490039, 'recall': 0.7613636363636364, 'f1': 0.7805825242718447, 'support': 264}, {'class': 1, 'class_name': 'malignant', 'precision': 0.9171052631578948, 'recall': 0.9330655957161981, 'f1': 0.9250165892501659, 'support': 747}]",0.9073972658310008,0.9552103790145295,0.9330655957161981,0.7613636363636364,0.9171052631578948,0.8007968127490039,0.09200099398405014,0.027125194205287903
0.53,,1011,"[0, 1]","['benign', 'malignant']",True,[],0.8862512363996043,0.8458759279542412,0.8556764733488377,0.8458759279542412,0.8505754512681777,0.8854568363258277,"[[201, 63], [52, 695]]","[{'class': 0, 'class_name': 'benign', 'precision': 0.7944664031620553, 'recall': 0.7613636363636364, 'f1': 0.7775628626692457, 'support': 264}, {'class': 1, 'class_name': 'malignant', 'precision': 0.91688654353562, 'recall': 0.9303882195448461, 'f1': 0.9235880398671097, 'support': 747}]",0.9073972658310008,0.9552103790145295,0.9303882195448461,0.7613636363636364,0.91688654353562,0.7944664031620553,0.09200099398405014,0.027125194205287903
0.54,,1011,"[0, 1]","['benign', 'malignant']",True,[],0.8852621167161226,0.8452065839114031,0.8540576665037082,0.8452065839114031,0.849467058243654,0.8845360506213464,"[[201, 63], [53, 694]]","[{'class': 0, 'class_name': 'benign', 'precision': 0.7913385826771654, 'recall': 0.7613636363636364, 'f1': 0.7760617760617761, 'support': 264}, {'class': 1, 'class_name': 'malignant', 'precision': 0.916776750330251, 'recall': 0.92904953145917, 'f1': 0.9228723404255319, 'support': 747}]",0.9073972658310008,0.9552103790145295,0.92904953145917,0.7613636363636364,0.916776750330251,0.7913385826771654,0.09200099398405014,0.027125194205287903
0.55,,1011,"[0, 1]","['benign', 'malignant']",True,[],0.8852621167161226,0.847655774613606,0.8529062046388091,0.847655774613606,0.8502222222222222,0.8848321793603693,"[[203, 61], [55, 692]]","[{'class': 0, 'class_name': 'benign', 'precision': 0.7868217054263565, 'recall': 0.7689393939393939, 'f1': 0.7777777777777778, 'support': 264}, {'class': 1, 'class_name': 'malignant', 'precision': 0.9189907038512616, 'recall': 0.9263721552878179, 'f1': 0.9226666666666666, 'support': 747}]",0.9073972658310008,0.9552103790145295,0.9263721552878179,0.7689393939393939,0.9189907038512616,0.7868217054263565,0.09200099398405014,0.027125194205287903
0.56,,1011,"[0, 1]","['benign', 'malignant']",True,[],0.884272997032641,0.8494356212729707,0.8502953376303857,0.8494356212729707,0.8498638726177707,0.8842019038003788,"[[205, 59], [58, 689]]","[{'class': 0, 'class_name': 'benign', 'precision': 0.779467680608365, 'recall': 0.7765151515151515, 'f1': 0.777988614800759, 'support': 264}, {'class': 1, 'class_name': 'malignant', 'precision': 0.9211229946524064, 'recall': 0.9223560910307899, 'f1': 0.9217391304347826, 'support': 747}]",0.9073972658310008,0.9552103790145295,0.9223560910307899,0.7765151515151515,0.9211229946524064,0.779467680608365,0.09200099398405014,0.027125194205287903
0.57,,1011,"[0, 1]","['benign', 'malignant']",True,[],0.8803165182987142,0.8492074358038213,0.8434053056746784,0.8492074358038213,0.8462299429950537,0.8808177914649443,"[[207, 57], [64, 683]]","[{'class': 0, 'class_name': 'benign', 'precision': 0.7638376383763837, 'recall': 0.7840909090909091, 'f1': 0.7738317757009345, 'support': 264}, {'class': 1, 'class_name': 'malignant', 'precision': 0.922972972972973, 'recall': 0.9143239625167336, 'f1': 0.9186281102891728, 'support': 747}]",0.9073972658310008,0.9552103790145295,0.9143239625167336,0.7840909090909091,0.922972972972973,0.7638376383763837,0.09200099398405014,0.027125194205287903
0.58,,1011,"[0, 1]","['benign', 'malignant']",True,[],0.8803165182987142,0.8504320311549227,0.8430120015485869,0.8504320311549227,0.8465963169873785,0.8809567752856382,"[[208, 56], [65, 682]]","[{'class': 0, 'class_name': 'benign', 'precision': 0.7619047619047619, 'recall': 0.7878787878787878, 'f1': 0.7746741154562383, 'support': 264}, {'class': 1, 'class_name': 'malignant', 'precision': 0.924119241192412, 'recall': 0.9129852744310576, 'f1': 0.9185185185185185, 'support': 747}]",0.9073972658310008,0.9552103790145295,0.9129852744310576,0.7878787878787878,0.924119241192412,0.7619047619047619,0.09200099398405014,0.027125194205287903
0.59,,1011,"[0, 1]","['benign', 'malignant']",True,[],0.8793273986152325,0.8522118778142874,0.8408629167607251,0.8522118778142874,0.8462376583225292,0.8803151520568057,"[[210, 54], [68, 679]]","[{'class': 0, 'class_name': 'benign', 'precision': 0.7553956834532374, 'recall': 0.7954545454545454, 'f1': 0.7749077490774908, 'support': 264}, {'class': 1, 'class_name': 'malignant', 'precision': 0.9263301500682128, 'recall': 0.9089692101740294, 'f1': 0.9175675675675675, 'support': 747}]",0.9073972658310008,0.9552103790145295,0.9089692101740294,0.7954545454545454,0.9263301500682128,0.7553956834532374,0.09200099398405014,0.027125194205287903
0.6,,1011,"[0, 1]","['benign', 'malignant']",True,[],0.8763600395647874,0.8514284410368748,0.8363904205335301,0.8514284410368748,0.8433675208378522,0.8777110263230024,"[[211, 53], [72, 675]]","[{'class': 0, 'class_name': 'benign', 'precision': 0.7455830388692579, 'recall': 0.7992424242424242, 'f1': 0.7714808043875686, 'support': 264}, {'class': 1, 'class_name': 'malignant', 'precision': 0.9271978021978022, 'recall': 0.9036144578313253, 'f1': 0.9152542372881356, 'support': 747}]",0.9073972658310008,0.9552103790145295,0.9036144578313253,0.7992424242424242,0.9271978021978022,0.7455830388692579,0.09200099398405014,0.027125194205287903
0.61,,1011,"[0, 1]","['benign', 'malignant']",True,[],0.8714144411473789,0.8480817208226847,0.8296666090364223,0.8480817208226847,0.8380286897367643,0.8731601013518554,"[[211, 53], [77, 670]]","[{'class': 0, 'class_name': 'benign', 'precision': 0.7326388888888888, 'recall': 0.7992424242424242, 'f1': 0.7644927536231884, 'support': 264}, {'class': 1, 'class_name': 'malignant', 'precision': 0.9266943291839558, 'recall': 0.8969210174029452, 'f1': 0.9115646258503401, 'support': 747}]",0.9073972658310008,0.9552103790145295,0.8969210174029452,0.7992424242424242,0.9266943291839558,0.7326388888888888,0.09200099398405014,0.027125194205287903
0.62,,1011,"[0, 1]","['benign', 'malignant']",True,[],0.8664688427299704,0.8471841913106973,0.8228715728715729,0.8471841913106973,0.8334779123521725,0.8688881776243422,"[[213, 51], [84, 663]]","[{'class': 0, 'class_name': 'benign', 'precision': 0.7171717171717171, 'recall': 0.8068181818181818, 'f1': 0.7593582887700535, 'support': 264}, {'class': 1, 'class_name': 'malignant', 'precision': 0.9285714285714286, 'recall': 0.8875502008032129, 'f1': 0.9075975359342916, 'support': 747}]",0.9073972658310008,0.9552103790145295,0.8875502008032129,0.8068181818181818,0.9285714285714286,0.7171717171717171,0.09200099398405014,0.027125194205287903
0.63,,1011,"[0, 1]","['benign', 'malignant']",True,[],0.8654797230464887,0.8477394426189606,0.8215049226441632,0.8477394426189606,0.8327933922890582,0.8681121792148723,"[[214, 50], [86, 661]]","[{'class': 0, 'class_name': 'benign', 'precision': 0.7133333333333334, 'recall': 0.8106060606060606, 'f1': 0.7588652482269503, 'support': 264}, {'class': 1, 'class_name': 'malignant', 'precision': 0.929676511954993, 'recall': 0.8848728246318608, 'f1': 0.906721536351166, 'support': 747}]",0.9073972658310008,0.9552103790145295,0.8848728246318608,0.8106060606060606,0.929676511954993,0.7133333333333334,0.09200099398405014,0.027125194205287903
0.64,,1011,"[0, 1]","['benign', 'malignant']",True,[],0.8644906033630069,0.848294693927224,0.8201809587738436,0.848294693927224,0.8321096747213585,0.8673348741220706,"[[215, 49], [88, 659]]","[{'class': 0, 'class_name': 'benign', 'precision': 0.7095709570957096, 'recall': 0.8143939393939394, 'f1': 0.7583774250440917, 'support': 264}, {'class': 1, 'class_name': 'malignant', 'precision': 0.9307909604519774, 'recall': 0.8821954484605087, 'f1': 0.9058419243986254, 'support': 747}]",0.9073972658310008,0.9552103790145295,0.8821954484605087,0.8143939393939394,0.9307909604519774,0.7095709570957096,0.09200099398405014,0.027125194205287903
0.65,,1011,"[0, 1]","['benign', 'malignant']",True,[],0.8635014836795252,0.847625349884386,0.818964955706097,0.847625349884386,0.8310658310246624,0.8664302107815445,"[[215, 49], [89, 658]]","[{'class': 0, 'class_name': 'benign', 'precision': 0.7072368421052632, 'recall': 0.8143939393939394, 'f1': 0.7570422535211268, 'support': 264}, {'class': 1, 'class_name': 'malignant', 'precision': 0.9306930693069307, 'recall': 0.8808567603748326, 'f1': 0.9050894085281981, 'support': 747}]",0.9073972658310008,0.9552103790145295,0.8808567603748326,0.8143939393939394,0.9306930693069307,0.7072368421052632,0.09200099398405014,0.027125194205287903
0.66,,1011,"[0, 1]","['benign', 'malignant']",True,[],0.8595450049455984,0.844947973713034,0.814175333912176,0.844947973713034,0.8269086086327466,0.8628160788357248,"[[215, 49], [93, 654]]","[{'class': 0, 'class_name': 'benign', 'precision': 0.698051948051948, 'recall': 0.8143939393939394, 'f1': 0.7517482517482518, 'support': 264}, {'class': 1, 'class_name': 'malignant', 'precision': 0.930298719772404, 'recall': 0.8755020080321285, 'f1': 0.9020689655172414, 'support': 747}]",0.9073972658310008,0.9552103790145295,0.8755020080321285,0.8143939393939394,0.930298719772404,0.698051948051948,0.09200099398405014,0.027125194205287903
0.67,,1011,"[0, 1]","['benign', 'malignant']",True,[],0.857566765578635,0.8460584763295607,0.8118254758793373,0.8460584763295607,0.8255710301066816,0.8612614232543802,"[[217, 47], [97, 650]]","[{'class': 0, 'class_name': 'benign', 'precision': 0.6910828025477707, 'recall': 0.821969696969697, 'f1': 0.7508650519031141, 'support': 264}, {'class': 1, 'class_name': 'malignant', 'precision': 0.9325681492109039, 'recall': 0.8701472556894244, 'f1': 0.9002770083102493, 'support': 747}]",0.9073972658310008,0.9552103790145295,0.8701472556894244,0.821969696969697,0.9325681492109039,0.6910828025477707,0.09200099398405014,0.027125194205287903
0.68,,1011,"[0, 1]","['benign', 'malignant']",True,[],0.8555885262116716,0.8447197882438846,0.8095414807394591,0.8447197882438846,0.8235137978860778,0.8594583310212561,"[[217, 47], [99, 648]]","[{'class': 0, 'class_name': 'benign', 'precision': 0.6867088607594937, 'recall': 0.821969696969697, 'f1': 0.7482758620689656, 'support': 264}, {'class': 1, 'class_name': 'malignant', 'precision': 0.9323741007194245, 'recall': 0.8674698795180723, 'f1': 0.8987517337031901, 'support': 747}]",0.9073972658310008,0.9552103790145295,0.8674698795180723,0.821969696969697,0.9323741007194245,0.6867088607594937,0.09200099398405014,0.027125194205287903
0.69,,1011,"[0, 1]","['benign', 'malignant']",True,[],0.8526211671612265,0.843936351466472,0.8062305295950156,0.843936351466472,0.8208054529557661,0.8568781993436473,"[[218, 46], [103, 644]]","[{'class': 0, 'class_name': 'benign', 'precision': 0.6791277258566978, 'recall': 0.8257575757575758, 'f1': 0.7452991452991453, 'support': 264}, {'class': 1, 'class_name': 'malignant', 'precision': 0.9333333333333333, 'recall': 0.8621151271753681, 'f1': 0.8963117606123869, 'support': 747}]",0.9073972658310008,0.9552103790145295,0.8621151271753681,0.8257575757575758,0.9333333333333333,0.6791277258566978,0.09200099398405014,0.027125194205287903
0.7,,1011,"[0, 1]","['benign', 'malignant']",True,[],0.8496538081107814,0.8443775100401607,0.8031550191050959,0.8443775100401607,0.8184747684747684,0.854416238985972,"[[220, 44], [108, 639]]","[{'class': 0, 'class_name': 'benign', 'precision': 0.6707317073170732, 'recall': 0.8333333333333334, 'f1': 0.7432432432432432, 'support': 264}, {'class': 1, 'class_name': 'malignant', 'precision': 0.9355783308931186, 'recall': 0.8554216867469879, 'f1': 0.8937062937062937, 'support': 747}]",0.9073972658310008,0.9552103790145295,0.8554216867469879,0.8333333333333334,0.9355783308931186,0.6707317073170732,0.09200099398405014,0.027125194205287903
0.71,,1011,"[0, 1]","['benign', 'malignant']",True,[],0.8456973293768546,0.84292472921991,0.7990805685527026,0.84292472921991,0.8147899364924279,0.8509358705437067,"[[221, 43], [113, 634]]","[{'class': 0, 'class_name': 'benign', 'precision': 0.6616766467065869, 'recall': 0.8371212121212122, 'f1': 0.7391304347826086, 'support': 264}, {'class': 1, 'class_name': 'malignant', 'precision': 0.9364844903988183, 'recall': 0.8487282463186078, 'f1': 0.8904494382022472, 'support': 747}]",0.9073972658310008,0.9552103790145295,0.8487282463186078,0.8371212121212122,0.9364844903988183,0.6616766467065869,0.09200099398405014,0.027125194205287903
0.72,,1011,"[0, 1]","['benign', 'malignant']",True,[],0.8427299703264095,0.8421412924424974,0.7961836283185841,0.8421412924424974,0.8121338340012412,0.8483542600920654,"[[222, 42], [117, 630]]","[{'class': 0, 'class_name': 'benign', 'precision': 0.6548672566371682, 'recall': 0.8409090909090909, 'f1': 0.736318407960199, 'support': 264}, {'class': 1, 'class_name': 'malignant', 'precision': 0.9375, 'recall': 0.8433734939759037, 'f1': 0.8879492600422833, 'support': 747}]",0.9073972658310008,0.9552103790145295,0.8433734939759037,0.8409090909090909,0.9375,0.6548672566371682,0.09200099398405014,0.027125194205287903
0.73,,1011,"[0, 1]","['benign', 'malignant']",True,[],0.8397626112759644,0.8413578556650846,0.793393274293086,0.8413578556650846,0.8094920159309165,0.8457716624610856,"[[223, 41], [121, 626]]","[{'class': 0, 'class_name': 'benign', 'precision': 0.6482558139534884, 'recall': 0.8446969696969697, 'f1': 0.7335526315789473, 'support': 264}, {'class': 1, 'class_name': 'malignant', 'precision': 0.9385307346326837, 'recall': 0.8380187416331994, 'f1': 0.8854314002828855, 'support': 747}]",0.9073972658310008,0.9552103790145295,0.8380187416331994,0.8446969696969697,0.9385307346326837,0.6482558139534884,0.09200099398405014,0.027125194205287903
0.74,,1011,"[0, 1]","['benign', 'malignant']",True,[],0.8348170128585559,0.8380111354508946,0.7885174733160779,0.8380111354508946,0.8045227777153859,0.8412868871981777,"[[223, 41], [126, 621]]","[{'class': 0, 'class_name': 'benign', 'precision': 0.6389684813753582, 'recall': 0.8446969696969697, 'f1': 0.7275693311582382, 'support': 264}, {'class': 1, 'class_name': 'malignant', 'precision': 0.9380664652567976, 'recall': 0.8313253012048193, 'f1': 0.8814762242725337, 'support': 747}]",0.9073972658310008,0.9552103790145295,0.8313253012048193,0.8446969696969697,0.9380664652567976,0.6389684813753582,0.09200099398405014,0.027125194205287903
0.75,,1011,"[0, 1]","['benign', 'malignant']",True,[],0.8308605341246291,0.8353337592795425,0.7847090074653211,0.8353337592795425,0.8005721635511054,0.8377023234166179,"[[223, 41], [130, 617]]","[{'class': 0, 'class_name': 'benign', 'precision': 0.6317280453257791, 'recall': 0.8446969696969697, 'f1': 0.7228525121555915, 'support': 264}, {'class': 1, 'class_name': 'malignant', 'precision': 0.9376899696048632, 'recall': 0.8259705488621151, 'f1': 0.8782918149466192, 'support': 747}]",0.9073972658310008,0.9552103790145295,0.8259705488621151,0.8446969696969697,0.9376899696048632,0.6317280453257791,0.09200099398405014,0.027125194205287903
0.76,,1011,"[0, 1]","['benign', 'malignant']",True,[],0.8298714144411474,0.8358890105878058,0.7840723904279956,0.8358890105878058,0.7999493810685196,0.8369118928817656,"[[224, 40], [132, 615]]","[{'class': 0, 'class_name': 'benign', 'precision': 0.6292134831460674, 'recall': 0.8484848484848485, 'f1': 0.7225806451612903, 'support': 264}, {'class': 1, 'class_name': 'malignant', 'precision': 0.9389312977099237, 'recall': 0.8232931726907631, 'f1': 0.8773181169757489, 'support': 747}]",0.9073972658310008,0.9552103790145295,0.8232931726907631,0.8484848484848485,0.9389312977099237,0.6292134831460674,0.09200099398405014,0.027125194205287903
0.77,,1011,"[0, 1]","['benign', 'malignant']",True,[],0.8259149357072205,0.8368854204697578,0.7814271190748507,0.8368854204697578,0.7970990695128626,0.833629419570277,"[[227, 37], [139, 608]]","[{'class': 0, 'class_name': 'benign', 'precision': 0.6202185792349727, 'recall': 0.8598484848484849, 'f1': 0.7206349206349206, 'support': 264}, {'class': 1, 'class_name': 'malignant', 'precision': 0.9426356589147287, 'recall': 0.8139223560910308, 'f1': 0.8735632183908046, 'support': 747}]",0.9073972658310008,0.9552103790145295,0.8139223560910308,0.8598484848484849,0.9426356589147287,0.6202185792349727,0.09200099398405014,0.027125194205287903
0.78,,1011,"[0, 1]","['benign', 'malignant']",True,[],0.8189910979228486,0.8322000121698917,0.7752926790321631,0.8322000121698917,0.7902929458370407,0.8273549978622954,"[[227, 37], [146, 601]]","[{'class': 0, 'class_name': 'benign', 'precision': 0.6085790884718498, 'recall': 0.8598484848484849, 'f1': 0.7127158555729984, 'support': 264}, {'class': 1, 'class_name': 'malignant', 'precision': 0.9420062695924765, 'recall': 0.8045515394912985, 'f1': 0.867870036101083, 'support': 747}]",0.9073972658310008,0.9552103790145295,0.8045515394912985,0.8598484848484849,0.9420062695924765,0.6085790884718498,0.09200099398405014,0.027125194205287903
0.79,,1011,"[0, 1]","['benign', 'malignant']",True,[],0.8180019782393669,0.832755263478155,0.7748450326687888,0.832755263478155,0.7896798118668596,0.8265520662008786,"[[228, 36], [148, 599]]","[{'class': 0, 'class_name': 'benign', 'precision': 0.6063829787234043, 'recall': 0.8636363636363636, 'f1': 0.7125, 'support': 264}, {'class': 1, 'class_name': 'malignant', 'precision': 0.9433070866141732, 'recall': 0.8018741633199464, 'f1': 0.8668596237337193, 'support': 747}]",0.9073972658310008,0.9552103790145295,0.8018741633199464,0.8636363636363636,0.9433070866141732,0.6063829787234043,0.09200099398405014,0.027125194205287903
0.8,,1011,"[0, 1]","['benign', 'malignant']",True,[],0.8130563798219584,0.8306331386150663,0.771089371538807,0.8306331386150663,0.7852139946606715,0.8221586980477638,"[[229, 35], [154, 593]]","[{'class': 0, 'class_name': 'benign', 'precision': 0.597911227154047, 'recall': 0.8674242424242424, 'f1': 0.7078825347758887, 'support': 264}, {'class': 1, 'class_name': 'malignant', 'precision': 0.9442675159235668, 'recall': 0.7938420348058902, 'f1': 0.8625454545454545, 'support': 747}]",0.9073972658310008,0.9552103790145295,0.7938420348058902,0.8674242424242424,0.9442675159235668,0.597911227154047,0.09200099398405014,0.027125194205287903
0.81,,1011,"[0, 1]","['benign', 'malignant']",True,[],0.811078140454995,0.8292944505293902,0.7694473258371022,0.8292944505293902,0.7832948218840796,0.8203648298115717,"[[229, 35], [156, 591]]","[{'class': 0, 'class_name': 'benign', 'precision': 0.5948051948051948, 'recall': 0.8674242424242424, 'f1': 0.7057010785824345, 'support': 264}, {'class': 1, 'class_name': 'malignant', 'precision': 0.9440894568690096, 'recall': 0.7911646586345381, 'f1': 0.8608885651857247, 'support': 747}]",0.9073972658310008,0.9552103790145295,0.7911646586345381,0.8674242424242424,0.9440894568690096,0.5948051948051948,0.09200099398405014,0.027125194205287903
0.82,,1011,"[0, 1]","['benign', 'malignant']",True,[],0.8041543026706232,0.8246090422295241,0.7638204312419636,0.8246090422295241,0.7766109881084169,0.8140854132733342,"[[229, 35], [163, 584]]","[{'class': 0, 'class_name': 'benign', 'precision': 0.5841836734693877, 'recall': 0.8674242424242424, 'f1': 0.698170731707317, 'support': 264}, {'class': 1, 'class_name': 'malignant', 'precision': 0.9434571890145396, 'recall': 0.7817938420348058, 'f1': 0.8550512445095169, 'support': 747}]",0.9073972658310008,0.9552103790145295,0.7817938420348058,0.8674242424242424,0.9434571890145396,0.5841836734693877,0.09200099398405014,0.027125194205287903
0.83,,1011,"[0, 1]","['benign', 'malignant']",True,[],0.8001978239366964,0.8243808567603748,0.7617450900163667,0.8243808567603748,0.7735174867363415,0.8106546707933195,"[[231, 33], [169, 578]]","[{'class': 0, 'class_name': 'benign', 'precision': 0.5775, 'recall': 0.875, 'f1': 0.6957831325301205, 'support': 264}, {'class': 1, 'class_name': 'malignant', 'precision': 0.9459901800327333, 'recall': 0.7737617135207496, 'f1': 0.8512518409425626, 'support': 747}]",0.9073972658310008,0.9552103790145295,0.7737617135207496,0.875,0.9459901800327333,0.5775,0.09200099398405014,0.027125194205287903
0.84,,1011,"[0, 1]","['benign', 'malignant']",True,[],0.7932739861523245,0.8209200438116101,0.7570405088173895,0.8209200438116101,0.7672603227089132,0.8044336938425451,"[[232, 32], [177, 570]]","[{'class': 0, 'class_name': 'benign', 'precision': 0.5672371638141809, 'recall': 0.8787878787878788, 'f1': 0.6894502228826151, 'support': 264}, {'class': 1, 'class_name': 'malignant', 'precision': 0.946843853820598, 'recall': 0.7630522088353414, 'f1': 0.8450704225352113, 'support': 747}]",0.9073972658310008,0.9552103790145295,0.7630522088353414,0.8787878787878788,0.946843853820598,0.5672371638141809,0.09200099398405014,0.027125194205287903
0.85,,1011,"[0, 1]","['benign', 'malignant']",True,[],0.7833827893175074,0.8154511987343313,0.7504509038206046,0.8154511987343313,0.7582462097844067,0.7954884426509332,"[[233, 31], [188, 559]]","[{'class': 0, 'class_name': 'benign', 'precision': 0.5534441805225653, 'recall': 0.8825757575757576, 'f1': 0.6802919708029197, 'support': 264}, {'class': 1, 'class_name': 'malignant', 'precision': 0.9474576271186441, 'recall': 0.7483266398929049, 'f1': 0.8362004487658938, 'support': 747}]",0.9073972658310008,0.9552103790145295,0.7483266398929049,0.8825757575757576,0.9474576271186441,0.5534441805225653,0.09200099398405014,0.027125194205287903
0.86,,1011,"[0, 1]","['benign', 'malignant']",True,[],0.7784371909000989,0.8121044785201412,0.7469784519080294,0.8121044785201412,0.7535970753362058,0.7909733239884189,"[[233, 31], [193, 554]]","[{'class': 0, 'class_name': 'benign', 'precision': 0.5469483568075117, 'recall': 0.8825757575757576, 'f1': 0.6753623188405797, 'support': 264}, {'class': 1, 'class_name': 'malignant', 'precision': 0.947008547008547, 'recall': 0.7416331994645248, 'f1': 0.8318318318318318, 'support': 747}]",0.9073972658310008,0.9552103790145295,0.7416331994645248,0.8825757575757576,0.947008547008547,0.5469483568075117,0.09200099398405014,0.027125194205287903
0.87,,1011,"[0, 1]","['benign', 'malignant']",True,[],0.7734915924826904,0.8112069490081538,0.7449413314176245,0.8112069490081538,0.7496488342595026,0.7865592580473223,"[[235, 29], [200, 547]]","[{'class': 0, 'class_name': 'benign', 'precision': 0.5402298850574713, 'recall': 0.8901515151515151, 'f1': 0.6723891273247496, 'support': 264}, {'class': 1, 'class_name': 'malignant', 'precision': 0.9496527777777778, 'recall': 0.7322623828647925, 'f1': 0.8269085411942555, 'support': 747}]",0.9073972658310008,0.9552103790145295,0.7322623828647925,0.8901515151515151,0.9496527777777778,0.5402298850574713,0.09200099398405014,0.027125194205287903
0.88,,1011,"[0, 1]","['benign', 'malignant']",True,[],0.7655786350148368,0.807076792016551,0.7404335569936873,0.807076792016551,0.7426118547625621,0.779343493377955,"[[236, 28], [209, 538]]","[{'class': 0, 'class_name': 'benign', 'precision': 0.5303370786516854, 'recall': 0.8939393939393939, 'f1': 0.6657263751763046, 'support': 264}, {'class': 1, 'class_name': 'malignant', 'precision': 0.950530035335689, 'recall': 0.7202141900937081, 'f1': 0.8194973343488196, 'support': 747}]",0.9073972658310008,0.9552103790145295,0.7202141900937081,0.8939393939393939,0.950530035335689,0.5303370786516854,0.09200099398405014,0.027125194205287903
0.89,,1011,"[0, 1]","['benign', 'malignant']",True,[],0.7556874381800198,0.8003833515881709,0.7341608032255514,0.8003833515881709,0.7334523838750204,0.7702316004137695,"[[236, 28], [219, 528]]","[{'class': 0, 'class_name': 'benign', 'precision': 0.5186813186813187, 'recall': 0.8939393939393939, 'f1': 0.6564673157162726, 'support': 264}, {'class': 1, 'class_name': 'malignant', 'precision': 0.9496402877697842, 'recall': 0.7068273092369478, 'f1': 0.8104374520337683, 'support': 747}]",0.9073972658310008,0.9552103790145295,0.7068273092369478,0.8939393939393939,0.9496402877697842,0.5186813186813187,0.09200099398405014,0.027125194205287903
0.9,,1011,"[0, 1]","['benign', 'malignant']",True,[],0.7507418397626113,0.7982612267250822,0.7319033425590802,0.7982612267250822,0.7292240587695134,0.7656910349788688,"[[237, 27], [225, 522]]","[{'class': 0, 'class_name': 'benign', 'precision': 0.512987012987013, 'recall': 0.8977272727272727, 'f1': 0.6528925619834711, 'support': 264}, {'class': 1, 'class_name': 'malignant', 'precision': 0.9508196721311475, 'recall': 0.6987951807228916, 'f1': 0.8055555555555556, 'support': 747}]",0.9073972658310008,0.9552103790145295,0.6987951807228916,0.8977272727272727,0.9508196721311475,0.512987012987013,0.09200099398405014,0.027125194205287903
0.91,,1011,"[0, 1]","['benign', 'malignant']",True,[],0.7368941641938674,0.7913396008275526,0.7254178436911487,0.7913396008275526,0.7171677015498006,0.7528526508272698,"[[239, 25], [241, 506]]","[{'class': 0, 'class_name': 'benign', 'precision': 0.4979166666666667, 'recall': 0.9053030303030303, 'f1': 0.6424731182795699, 'support': 264}, {'class': 1, 'class_name': 'malignant', 'precision': 0.9529190207156308, 'recall': 0.677376171352075, 'f1': 0.7918622848200313, 'support': 747}]",0.9073972658310008,0.9552103790145295,0.677376171352075,0.9053030303030303,0.9529190207156308,0.4979166666666667,0.09200099398405014,0.027125194205287903
0.92,,1011,"[0, 1]","['benign', 'malignant']",True,[],0.7072205736894164,0.7737084702446149,0.7112969646673817,0.7737084702446149,0.6907975764388861,0.7248418153745348,"[[241, 23], [273, 474]]","[{'class': 0, 'class_name': 'benign', 'precision': 0.4688715953307393, 'recall': 0.9128787878787878, 'f1': 0.6195372750642674, 'support': 264}, {'class': 1, 'class_name': 'malignant', 'precision': 0.9537223340040242, 'recall': 0.6345381526104418, 'f1': 0.7620578778135049, 'support': 747}]",0.9073972658310008,0.9552103790145295,0.6345381526104418,0.9128787878787878,0.9537223340040242,0.4688715953307393,0.09200099398405014,0.027125194205287903
0.93,,1011,"[0, 1]","['benign', 'malignant']",True,[],0.6775469831849654,0.756077339661677,0.6990371427220129,0.756077339661677,0.6645503399421895,0.6960949564560627,"[[243, 21], [305, 442]]","[{'class': 0, 'class_name': 'benign', 'precision': 0.44343065693430656, 'recall': 0.9204545454545454, 'f1': 0.5985221674876847, 'support': 264}, {'class': 1, 'class_name': 'malignant', 'precision': 0.9546436285097192, 'recall': 0.5917001338688086, 'f1': 0.7305785123966942, 'support': 747}]",0.9073972658310008,0.9552103790145295,0.5917001338688086,0.9204545454545454,0.9546436285097192,0.44343065693430656,0.09200099398405014,0.027125194205287903
0.94,,1011,"[0, 1]","['benign', 'malignant']",True,[],0.6468842729970327,0.7365522696847998,0.6867269743425529,0.7365522696847998,0.6371006419892113,0.6655674719697997,"[[244, 20], [337, 410]]","[{'class': 0, 'class_name': 'benign', 'precision': 0.4199655765920826, 'recall': 0.9242424242424242, 'f1': 0.5775147928994083, 'support': 264}, {'class': 1, 'class_name': 'malignant', 'precision': 0.9534883720930233, 'recall': 0.5488621151271754, 'f1': 0.6966864910790145, 'support': 747}]",0.9073972658310008,0.9552103790145295,0.5488621151271754,0.9242424242424242,0.9534883720930233,0.4199655765920826,0.09200099398405014,0.027125194205287903
0.95,,1011,"[0, 1]","['benign', 'malignant']",True,[],0.6162215628090999,0.7207009857612268,0.6795396419437341,0.7207009857612268,0.6100684697293816,0.6334696032530349,"[[248, 16], [372, 375]]","[{'class': 0, 'class_name': 'benign', 'precision': 0.4, 'recall': 0.9393939393939394, 'f1': 0.5610859728506787, 'support': 264}, {'class': 1, 'class_name': 'malignant', 'precision': 0.959079283887468, 'recall': 0.5020080321285141, 'f1': 0.6590509666080844, 'support': 747}]",0.9073972658310008,0.9552103790145295,0.5020080321285141,0.9393939393939394,0.959079283887468,0.4,0.09200099398405014,0.027125194205287903
